"COMPETENCY","Competências Liderança","External Orientation","Systematically uses external knowledge and experience in processes of improvement and renewal.","233","en_US"
"TEASER","Competências Liderança","External Orientation","","Improve"
"TEASER","Competências Liderança","External Orientation","","Meets"
"TEASER","Competências Liderança","External Orientation","","Exceeds"
"COMPETENCY","Crenças","Meritocracy","We believe that persons are unique and that they deserve to be valued fairly and according to their deliveries ","83","en_US"
"TEASER","Crenças","Meritocracy","","Improve"
"TEASER","Crenças","Meritocracy","","Meets"
"TEASER","Crenças","Meritocracy","","Exceeds"
"COMPETENCY","Desempenho na Função","Job Performance","","484","en_US"
"TEASER","Desempenho na Função","Job Performance","","Improve"
"TEASER","Desempenho na Função","Job Performance","","Meets"
"TEASER","Desempenho na Função","Job Performance","","Exceeds"
"COMPETENCY","Crenças","Alliance","We believe that our success is the result of joint construction, strengthened by genuine relations and alliances where everyone wins ","91","en_US"
"TEASER","Crenças","Alliance","","Improve"
"TEASER","Crenças","Alliance","","Meets"
"TEASER","Crenças","Alliance","","Exceeds"
"COMPETENCY","Crenças","Foster Talent","We believe and trust people, and for these reasons, we invest time and resources fostering talent ","81","en_US"
"TEASER","Crenças","Foster Talent","","Improve"
"TEASER","Crenças","Foster Talent","","Meets"
"TEASER","Crenças","Foster Talent","","Exceeds"
"COMPETENCY","Competências Liderança","Integrating Action","Integrates into the organizational environment by participating in and promoting teamwork and respecting and making use of diversity to enrich dialogue and the decision-making process.","230","en_US"
"TEASER","Competências Liderança","Integrating Action","","Improve"
"TEASER","Competências Liderança","Integrating Action","","Meets"
"TEASER","Competências Liderança","Integrating Action","","Exceeds"
"COMPETENCY","Crenças","Excellence","We believe that we are able to always do more and better, exceeding challenges with discipline, humility, and simplicity","85","en_US"
"TEASER","Crenças","Excellence","","Improve"
"TEASER","Crenças","Excellence","","Meets"
"TEASER","Crenças","Excellence","","Exceeds"
"COMPETENCY","Competências Liderança","Change Management","Swiftly makes the changes necessary for strategic implementation, pre-empting events and aligning and mobilizing his/her staff.","232","en_US"
"TEASER","Competências Liderança","Change Management","","Improve"
"TEASER","Competências Liderança","Change Management","","Meets"
"TEASER","Competências Liderança","Change Management","","Exceeds"
"COMPETENCY","Crenças","Open Dialogue","We believe that an environment of confidence provides open dialogues and space for speaking up and being heard, where the diversity of opinions builds better solutions ","89","en_US"
"TEASER","Crenças","Open Dialogue","","Improve"
"TEASER","Crenças","Open Dialogue","","Meets"
"TEASER","Crenças","Open Dialogue","","Exceeds"
"COMPETENCY","Competências do Profissional","Integrated Action","","181","en_US"
"BEHAVIOR","Competências Liderança","External Orientation","Pursuit of Best Practices","","272","en_US"
"BEHAVIOR","Competências Liderança","External Orientation","Understanding of the Big Picture","","271","en_US"
"BEHAVIOR","Crenças","Meritocracy","Recognize the people that present differentiated performances.","","115","en_US"
"BEHAVIOR","Crenças","Meritocracy","Takes decisions about people based on collective and individual performance.","","116","en_US"
"BEHAVIOR","Crenças","Meritocracy","Takes decisions on people based in the alignment with the Values and Beliefs of the Group.","","119","en_US"
"BEHAVIOR","Crenças","Meritocracy","They trust in their own work and in their capacity to contribute to the company.","","117","en_US"
"BEHAVIOR","Crenças","Meritocracy","Treats people in a differentiated form, according to their deliveries, managing conflict.","","118","en_US"
"BEHAVIOR","Desempenho na Função","Job Performance","Connected with the outside world and creates an innovation-enabling environment.","Connected with the outside world and creates an innovation-enabling environment.","493","en_US"
"BEHAVIOR","Desempenho na Função","Job Performance","Consistently applies the management processes defined by the unit/company.","Consistently applies the management processes defined by the unit/VID corporation.","487","en_US"
"BEHAVIOR","Desempenho na Função","Job Performance","Contributes to an open dialogue and collaborative work climate, and fosters a high performance environment.","Contributes to a suitable mood and favors a high-performance environment.","494","en_US"
"BEHAVIOR","Desempenho na Função","Job Performance","Establishes sustainable action plans that show concern for the long-term plan in respective area (exceeding short-term goals).","Establishes long-term action plans for his area (different from short-term goals).","488","en_US"
"BEHAVIOR","Desempenho na Função","Job Performance","Evaluates the impact of individual actions to other areas / company businesses, identifying opportunities and risks.","Relates the actions of his long-term plan with other areas, identifying synergies and considering impacts.","521","en_US"
"BEHAVIOR","Desempenho na Função","Job Performance","Impacts and/or influences the changes and achievement of organizational goals.","Impacts and/or influences the changes and achievement of organizational goals.","492","en_US"
"BEHAVIOR","Desempenho na Função","Job Performance","Manages risk and ensures compliance.","Manages risk and compliance.","491","en_US"
"BEHAVIOR","Desempenho na Função","Job Performance","One that manages his goals and routine, ensuring the delivery of results and responsibilities of his office.","One that manages his goals and routine, ensuring the delivery of results and responsibilities of his office.","485","en_US"
"BEHAVIOR","Desempenho na Função","Job Performance","Operates with a (external and/or internal) customer-focused perspective.","Operates with a customer-focused perspective.","490","en_US"
"BEHAVIOR","Desempenho na Função","Job Performance","Optimizes resources, establishes the best benefit-cost ratio.","Optimizes resources, establishes the best benefit-cost ratio.","486","en_US"
"BEHAVIOR","Desempenho na Função","Job Performance","Questions the organization paradigms for improvements.","Questions the organization paradigms for improvements.","489","en_US"
"BEHAVIOR","Crenças","Alliance","Conquers the commitment of others involved in his / her projects.","","321","en_US"
"BEHAVIOR","Crenças","Alliance","Creates and strengthens genuine relationships and partnerships in which everyone wins.","","322","en_US"
"BEHAVIOR","Crenças","Alliance","Develops and uses the net of relationships to generate value.","","97","en_US"
"BEHAVIOR","Crenças","Alliance","Has team spirit and makes clients, suppliers, and community partners become his / her partners.","","99","en_US"
"BEHAVIOR","Crenças","Alliance","Shares challenges to identify the best solutions.","","98","en_US"
"BEHAVIOR","Crenças","Alliance","Takes attitudes that contribute with others.","","95","en_US"
"BEHAVIOR","Crenças","Foster Talent","Create a motivating and inspiring work environment. ","","104","en_US"
"BEHAVIOR","Crenças","Foster Talent","Create conditions and provides opportunities for people to exercise their potential.","","102","en_US"
"BEHAVIOR","Crenças","Foster Talent","Facilitate internal mobility, giving or receiving people of other areas.","","101","en_US"
"BEHAVIOR","Crenças","Foster Talent","Identify and brings talent to the organization.","","100","en_US"
"BEHAVIOR","Crenças","Foster Talent","In his/her decisions, considers the personal moment and the of individual's career expectations.","","324","en_US"
"BEHAVIOR","Crenças","Foster Talent","Invests in people development.","","323","en_US"
"BEHAVIOR","Crenças","Foster Talent","Knows how to identify and uses the best competences / abilities of people.","","325","en_US"
"BEHAVIOR","Crenças","Foster Talent","Provide constructive feedback.","","103","en_US"
"BEHAVIOR","Competências Liderança","Integrating Action","Participation and knowledge-sharing","","250","en_US"
"BEHAVIOR","Competências Liderança","Integrating Action","Respect for Differences","","251","en_US"
"BEHAVIOR","Competências Liderança","Integrating Action","Teamwork","","252","en_US"
"BEHAVIOR","Crenças","Excellence","Acts with critical sense, compares and learns with experience.","","113","en_US"
"BEHAVIOR","Crenças","Excellence","Creates, innovates and establishes new and better practices.","","114","en_US"
"BEHAVIOR","Crenças","Excellence","Overcomes challenges with discipline, humility, and simplicity.","","112","en_US"
"BEHAVIOR","Crenças","Excellence","Seeks continuously to exceed self.","","111","en_US"
"BEHAVIOR","Crenças","Excellence","Surprises others positively with the solutions and results presented.","","110","en_US"
"BEHAVIOR","Competências Liderança","Change Management","Impact and Influence","","266","en_US"
"BEHAVIOR","Competências Liderança","Change Management","Initiative","","265","en_US"
"BEHAVIOR","Competências Liderança","Change Management","Readiness for Change","","264","en_US"
"BEHAVIOR","Crenças","Open Dialogue"," Adopts an open stance for receiving new ideas.","","109","en_US"
"BEHAVIOR","Crenças","Open Dialogue","Acts according to what is spoken.","","105","en_US"
"BEHAVIOR","Crenças","Open Dialogue","Considers and stimulates the diversity of opinions.","","326","en_US"
"BEHAVIOR","Crenças","Open Dialogue","Creates an environment of confidence, with space for speaking up and hearing.","","108","en_US"
"BEHAVIOR","Crenças","Open Dialogue","Demonstrates courage to expose own ideas.","","106","en_US"
"BEHAVIOR","Crenças","Open Dialogue","Is quick and proactive in the transfer of prominent information.","","327","en_US"
"BEHAVIOR","Crenças","Open Dialogue","Prioritizes contact and the direct communication.","","107","en_US"
"BEHAVIOR","Competências do Profissional","Integrated Action","Conciliation of Interests","","194","en_US"
"BEHAVIOR","Competências do Profissional","Integrated Action","Participation and Knowledge Sharing","","191","en_US"
"BEHAVIOR","Competências do Profissional","Integrated Action","Respect for Differences","","192","en_US"
"BEHAVIOR","Competências do Profissional","Integrated Action","Teamwork","","193","en_US"
