<?xml version="1.0" encoding="UTF-8"?>
<!DOCTYPE sf-form PUBLIC
 "-//SuccessFactors, Inc.//DTD V4 Form 1.0//EN"
 "http://svn/viewvc/svn/V4/trunk/src/com/sf/dtd/sf-form.dtd?view=co">
<sf-form locale="en_US">
  <fm-meta>
    <meta-form-id>241</meta-form-id>
    <meta-rated>true</meta-rated>
    <meta-rating>0.0</meta-rating>
    <meta-scale>0.0</meta-scale>
    <meta-grp-label><![CDATA[Group]]></meta-grp-label>
    <fm-sect-scale show-value="false">
      <scale-source>1</scale-source>
      <scale-id><![CDATA[Escala Metas]]></scale-id>
      <scale-type><![CDATA[null]]></scale-type>
      <scale-adjusted-calculation enable="false"  display-calculated-rating="false">
      </scale-adjusted-calculation>
    </fm-sect-scale>
    <meta-item-weight-floor-ceiling-option>warning</meta-item-weight-floor-ceiling-option>
    <enable-previous-step-button><![CDATA[true]]></enable-previous-step-button>
    <enable-delete-button><![CDATA[false]]></enable-delete-button>
    <button-permission type="none">
      <role-name>*</role-name>
      <button refid="get-comments"/>
      <button refid="get-edits"/>
      <button refid="send-back"/>
      <route-step stepid="*"/>
    </button-permission>
    <button-permission type="none">
      <role-name>E</role-name>
      <role-name>EM</role-name>
      <button refid="send"/>
      <route-step stepid="follow"/>
      <route-step stepid="calculation2"/>
    </button-permission>
    <button-permission type="enabled">
      <role-name>EM</role-name>
      <button refid="send-back"/>
      <route-step stepid="validation1"/>
      <route-step stepid="validation2"/>
    </button-permission>
    <button-permission type="enabled">
      <role-name>EM</role-name>
      <button refid="get-comments"/>
      <route-step stepid="validation2"/>
    </button-permission>
  </fm-meta>
  <sf-pmreview no-calc="false" overall-rating="true" rate-by-adding-values="false" weight-lockdown="true" show-weight="true">
    <userinfo-sect>
      <fm-sect index="0" mgt-only="false" split-cmt="false" cmt-opt="1">
    <fm-sect-name msgKey="SecFunc"><![CDATA[Informações do Colaborador]]></fm-sect-name>
        <fm-sect-intro><![CDATA[<style>.tableHeaderBar td{background-color: #4e4d50 !important;}.tableHeaderLabelAlt td{background-color: #00C0F2 !important;padding: 5px 0px 0px 5px;}.tableHeaderLabelAlt td a{background-color: #00C0F2 !important;color: #365E28 !important;}.tableHeaderLabelAlt td h3{color: #FFF;}.tableHeaderBar{font-size: 17px !important;color: #FFF !important;padding: 5px 0px 0px 5px;}</style>]]></fm-sect-intro>
        <fm-sect-config>
          <rating-label><![CDATA[Rating]]></rating-label>
          <rating-label-others><![CDATA[Rating]]></rating-label-others>
          <default-rating><![CDATA[unrated]]></default-rating>
          <weight-total><![CDATA[0.0]]></weight-total>
          <hidden-strength-threshold>0.0</hidden-strength-threshold>
          <blind-spot-threshold>0.0</blind-spot-threshold>
          <num-decimal-places>2</num-decimal-places>
          <publish-button-label><![CDATA[Publish Content]]></publish-button-label>
          <ez-rater show-gap="false" />
        </fm-sect-config>
        <fm-element index="0" type="3" waca="true">
          <ekey><![CDATA[FIRSTNAME]]></ekey>
          <ename><![CDATA[]]></ename>
          <evalue><![CDATA[]]></evalue>
        </fm-element>
        <fm-element index="1" type="3" waca="true">
          <ekey><![CDATA[LASTNAME]]></ekey>
          <ename><![CDATA[]]></ename>
          <evalue><![CDATA[]]></evalue>
        </fm-element>
        <fm-element index="2" type="3" waca="true">
          <ekey><![CDATA[TITLE]]></ekey>
          <ename><![CDATA[]]></ename>
          <evalue><![CDATA[]]></evalue>
        </fm-element>
        <fm-element index="3" type="3" waca="true">
          <ekey><![CDATA[CUSTOM04]]></ekey>
          <ename><![CDATA[]]></ename>
          <evalue><![CDATA[]]></evalue>
        </fm-element>
        <fm-element index="4" type="3" sync-until-completion="false" waca="true">
          <ekey><![CDATA[MANAGER]]></ekey>
          <ename><![CDATA[]]></ename>
          <evalue><![CDATA[]]></evalue>
        </fm-element>
        <fm-element index="5" type="3" sync-until-completion="false" waca="true">
          <ekey><![CDATA[DEPARTMENT]]></ekey>
          <ename><![CDATA[]]></ename>
          <evalue><![CDATA[]]></evalue>
        </fm-element>
        <fm-element index="6" type="3" sync-until-completion="false" waca="true">
          <ekey><![CDATA[LOCATION]]></ekey>
          <ename><![CDATA[]]></ename>
          <evalue><![CDATA[]]></evalue>
        </fm-element>
      </fm-sect>
    </userinfo-sect>
    <objective-sect index="2" configurable="true" mgt-only="false" use-jobcode="false" no-rate="false" develop-goal="false" show-learning-activity-competency="false" no-weight="false" summ-opt="999" split-cmt="false" rating-opt="3" cmt-opt="1" in-summ-display="true" in-overall-rating="true" no-group="true" use-milestone="false" if-no-ratings-then-ignore-section="false" lock-item-weights="false" in-objcomp-summ-display="true" in-objcomp-summ-overall-rating="true" auto-pop-weights="true" show-obj-expected-rating="false" min-goals-required="1" max-goals-allowed="2147483647" allow-draft-tgm-goals="false" hide-addexistinggoals-btn="true" sect-mode="normal" ez-rater-expand-all="false" obj-edit="popup" show-calculated-section-rating="true" avoid-obj-plan-state-change-by-multiple-forms="false">
      <obj-sect-name msgKey="SecMetasFinanc"><![CDATA[Metas Financeiras]]></obj-sect-name>
      <obj-sect-intro><![CDATA[<style>.tableHeaderBar td{background-color: #4e4d50 !important;}.tableHeaderLabelAlt td{background-color: #00C0F2 !important;padding: 5px 0px 0px 5px;}.tableHeaderLabelAlt td a{background-color: #00C0F2 !important;color: #365E28 !important;}.tableHeaderLabelAlt td h3{color: #FFF;}.tableHeaderBar{font-size: 17px !important;color: #FFF !important;padding: 5px 0px 0px 5px;}</style>]]></obj-sect-intro>
      <fm-sect-config>
        <rating-label msgKey="RatingMetas"><![CDATA[Pontuação Final (Nível)]]></rating-label>
        <rating-label-others msgKey="RatingMetas"><![CDATA[Pontuação Final (Nível)]]></rating-label-others>
        <default-rating><![CDATA[unrated]]></default-rating>
        <weight-total><![CDATA[20.0]]></weight-total>
        <hidden-strength-threshold>0.0</hidden-strength-threshold>
        <blind-spot-threshold>0.0</blind-spot-threshold>
        <item-weights>
          <item-weight-floor>5.0</item-weight-floor>
          <item-weight-ceiling>30.0</item-weight-ceiling>
        </item-weights>
        <section-manager-comments-label msgKey="CampoComentarioGestor"><![CDATA[Comentários do Gestor:]]></section-manager-comments-label>
        <section-subject-comments-label msgKey="CampoComentarioColaborador"><![CDATA[Comentários do Colaborador:]]></section-subject-comments-label>
        <manager-comments-label msgKey="CampoComentarioGestor"><![CDATA[Comentários do Gestor:]]></manager-comments-label>
        <subject-comments-label msgKey="CampoComentarioColaborador"><![CDATA[Comentários do Colaborador:]]></subject-comments-label>
        <section-permission type="disabled">
          <role-name>E</role-name>
          <route-step stepid="calculation2"/>
        </section-permission>
        <section-permission type="disabled">
          <role-name>EM</role-name>
          <route-step stepid="validation1"/>
          <route-step stepid="follow"/>
          <route-step stepid="validation2"/>
          <route-step stepid="calculation2"/>
        </section-permission>
        <required-fields>
          <role-name>E</role-name>
          <field refid="item-rating" min-value="1.0" max-value="-1.0"/>
          <route-step stepid="results"/>
          <send-action sendid="next_step"/>
        </required-fields>
        <required-fields>
          <role-name>*</role-name>
          <field refid="item-weight" min-value="1.0" max-value="-1.0"/>
          <route-step stepid="*"/>
          <send-action sendid="next_step"/>
        </required-fields>
        <weight-total-option><![CDATA[enforce]]></weight-total-option>
        <num-decimal-places>2</num-decimal-places>
        <publish-button-label><![CDATA[Publish Content]]></publish-button-label>
        <section-item-rating-calc><![CDATA[sum]]></section-item-rating-calc>
        <normalize-section-rating><![CDATA[false]]></normalize-section-rating>
      </fm-sect-config>
      <action-permission type="none">
        <role-name>*</role-name>
        <action refid="add-item"/>
        <action refid="remove-item"/>
      </action-permission>
      <action-permission type="enabled">
        <role-name>E</role-name>
        <action refid="add-item"/>
        <action refid="remove-item"/>
        <route-step stepid="input"/>
      </action-permission>
      <field-permission type="none">
        <role-name>*</role-name>
        <field refid="rating-scale-label-link"></field>
        <route-step stepid="*"/>
      </field-permission>
      <field-permission type="none">
        <role-name>*</role-name>
        <field refid="item-rating"></field>
        <route-step stepid="input"/>
        <route-step stepid="validation1"/>
        <route-step stepid="follow"/>
      </field-permission>
      <field-permission type="read">
        <role-name>*</role-name>
        <field refid="item-rating"></field>
        <route-step stepid="results"/>
        <route-step stepid="validation2"/>
        <route-step stepid="calculation2"/>
      </field-permission>
      <field-permission type="none">
        <role-name>*</role-name>
        <field refid="subject-item-rating"></field>
        <route-step stepid="*"/>
      </field-permission>
      <field-permission type="none">
        <role-name>*</role-name>
        <field refid="section-comments"></field>
        <route-step stepid="input"/>
        <route-step stepid="validation1"/>
        <route-step stepid="follow"/>
        <route-step stepid="results"/>
        <route-step stepid="validation2"/>
        <route-step stepid="calculation2"/>
      </field-permission>
      <field-permission type="none">
        <role-name>E</role-name>
        <field refid="section-comments"></field>
        <route-step stepid="*"/>
      </field-permission>
      <field-permission type="write">
        <role-name>*</role-name>
        <field refid="section-comments"></field>
        <route-step stepid="validation2"/>
      </field-permission>
      <field-permission type="read">
        <role-name>EM</role-name>
        <field refid="section-comments"></field>
        <route-step stepid="validation2"/>
        <route-step stepid="calculation2"/>
      </field-permission>
      <sect-weight>20.0</sect-weight>
      <sect-weight-4-objcomp-summary>20.0</sect-weight-4-objcomp-summary>
      <fm-sect-scale show-value="true">
        <scale-source>1</scale-source>
        <scale-id><![CDATA[Escala Metas]]></scale-id>
        <scale-type><![CDATA[HORIZONTAL_RADIO]]></scale-type>
        <scale-adjusted-calculation enable="false"  display-calculated-rating="false">
          <rating-label><![CDATA[]]></rating-label>
          <default-rating><![CDATA[]]></default-rating>
        </scale-adjusted-calculation>
      </fm-sect-scale>
      <obj-sect-type autosync="true"><![CDATA[plan]]></obj-sect-type>
      <obj-sect-plan-id>403</obj-sect-plan-id>
      <meta-grp-label><![CDATA[Group]]></meta-grp-label>
      <obj-plan-state-change to-step="input">
        <target-state id="aberto"></target-state>
      </obj-plan-state-change>
      <obj-plan-state-change to-step="validation1">
        <target-state id="fechado1"></target-state>
      </obj-plan-state-change>
      <obj-plan-state-change to-step="follow">
        <target-state id="acompanhamento"></target-state>
      </obj-plan-state-change>
      <obj-plan-state-change to-step="results">
        <target-state id="resultados"></target-state>
      </obj-plan-state-change>
      <obj-plan-state-change to-step="validation2">
        <target-state id="fechado2"></target-state>
      </obj-plan-state-change>
      <obj-plan-state-change to-step="calculation2">
        <target-state id="fechado2"></target-state>
      </obj-plan-state-change>
    </objective-sect>
    <objective-sect index="3" configurable="true" mgt-only="false" use-jobcode="false" no-rate="false" develop-goal="false" show-learning-activity-competency="false" no-weight="false" summ-opt="999" split-cmt="false" rating-opt="3" cmt-opt="1" in-summ-display="true" in-overall-rating="true" no-group="true" use-milestone="false" if-no-ratings-then-ignore-section="false" lock-item-weights="false" in-objcomp-summ-display="true" in-objcomp-summ-overall-rating="true" auto-pop-weights="true" show-obj-expected-rating="false" min-goals-required="1" max-goals-allowed="14" allow-draft-tgm-goals="false" hide-addexistinggoals-btn="true" sect-mode="normal" ez-rater-expand-all="false" obj-edit="popup" show-calculated-section-rating="true" avoid-obj-plan-state-change-by-multiple-forms="false">
      <obj-sect-name msgKey="SecMetas"><![CDATA[Metas]]></obj-sect-name>
      <obj-sect-intro><![CDATA[<style>.tableHeaderBar td{background-color: #4e4d50 !important;}.tableHeaderLabelAlt td{background-color: #00C0F2 !important;padding: 5px 0px 0px 5px;}.tableHeaderLabelAlt td a{background-color: #00C0F2 !important;color: #365E28 !important;}.tableHeaderLabelAlt td h3{color: #FFF;}.tableHeaderBar{font-size: 17px !important;color: #FFF !important;padding: 5px 0px 0px 5px;}</style>]]></obj-sect-intro>
      <fm-sect-config>
        <rating-label msgKey="RatingMetas"><![CDATA[Pontuação Final (Nível)]]></rating-label>
        <rating-label-others msgKey="RatingMetas"><![CDATA[Pontuação Final (Nível)]]></rating-label-others>
        <default-rating><![CDATA[unrated]]></default-rating>
        <weight-total><![CDATA[80.0]]></weight-total>
        <hidden-strength-threshold>0.0</hidden-strength-threshold>
        <blind-spot-threshold>0.0</blind-spot-threshold>
        <item-weights>
          <item-weight-floor>5.0</item-weight-floor>
          <item-weight-ceiling>30.0</item-weight-ceiling>
        </item-weights>
        <section-manager-comments-label msgKey="CampoComentarioGestor"><![CDATA[Comentários do Gestor:]]></section-manager-comments-label>
        <section-subject-comments-label msgKey="CampoComentarioColaborador"><![CDATA[Comentários do Colaborador:]]></section-subject-comments-label>
        <manager-comments-label msgKey="CampoComentarioGestor"><![CDATA[Comentários do Gestor:]]></manager-comments-label>
        <subject-comments-label msgKey="CampoComentarioColaborador"><![CDATA[Comentários do Colaborador:]]></subject-comments-label>
        <section-permission type="disabled">
          <role-name>E</role-name>
          <route-step stepid="calculation2"/>
        </section-permission>
        <section-permission type="disabled">
          <role-name>EM</role-name>
          <route-step stepid="validation1"/>
          <route-step stepid="follow"/>
          <route-step stepid="validation2"/>
          <route-step stepid="calculation2"/>
        </section-permission>
        <required-fields>
          <role-name>E</role-name>
          <field refid="item-rating" min-value="1.0" max-value="-1.0"/>
          <route-step stepid="results"/>
          <send-action sendid="next_step"/>
        </required-fields>
        <required-fields>
          <role-name>*</role-name>
          <field refid="item-weight" min-value="1.0" max-value="-1.0"/>
          <route-step stepid="*"/>
          <send-action sendid="next_step"/>
        </required-fields>
        <weight-total-option><![CDATA[enforce]]></weight-total-option>
        <num-decimal-places>2</num-decimal-places>
        <publish-button-label><![CDATA[Publish Content]]></publish-button-label>
        <section-item-rating-calc><![CDATA[sum]]></section-item-rating-calc>
        <normalize-section-rating><![CDATA[false]]></normalize-section-rating>
      </fm-sect-config>
      <action-permission type="none">
        <role-name>*</role-name>
        <action refid="add-item"/>
        <action refid="remove-item"/>
      </action-permission>
      <action-permission type="enabled">
        <role-name>E</role-name>
        <action refid="add-item"/>
        <action refid="remove-item"/>
        <route-step stepid="input"/>
      </action-permission>
      <field-permission type="none">
        <role-name>*</role-name>
        <field refid="rating-scale-label-link"></field>
        <route-step stepid="*"/>
      </field-permission>
      <field-permission type="none">
        <role-name>*</role-name>
        <field refid="item-rating"></field>
        <route-step stepid="input"/>
        <route-step stepid="validation1"/>
        <route-step stepid="follow"/>
      </field-permission>
      <field-permission type="read">
        <role-name>*</role-name>
        <field refid="item-rating"></field>
        <route-step stepid="results"/>
        <route-step stepid="validation2"/>
        <route-step stepid="calculation2"/>
      </field-permission>
      <field-permission type="none">
        <role-name>*</role-name>
        <field refid="subject-item-rating"></field>
        <route-step stepid="*"/>
      </field-permission>
      <field-permission type="none">
        <role-name>*</role-name>
        <field refid="section-comments"></field>
        <route-step stepid="input"/>
        <route-step stepid="validation1"/>
        <route-step stepid="follow"/>
        <route-step stepid="results"/>
        <route-step stepid="validation2"/>
        <route-step stepid="calculation2"/>
      </field-permission>
      <field-permission type="none">
        <role-name>E</role-name>
        <field refid="section-comments"></field>
        <route-step stepid="*"/>
      </field-permission>
      <field-permission type="write">
        <role-name>*</role-name>
        <field refid="section-comments"></field>
        <route-step stepid="validation2"/>
      </field-permission>
      <field-permission type="read">
        <role-name>EM</role-name>
        <field refid="section-comments"></field>
        <route-step stepid="validation2"/>
        <route-step stepid="calculation2"/>
      </field-permission>
      <sect-weight>80.0</sect-weight>
      <sect-weight-4-objcomp-summary>80.0</sect-weight-4-objcomp-summary>
      <fm-sect-scale show-value="true">
        <scale-source>1</scale-source>
        <scale-id><![CDATA[Escala Metas]]></scale-id>
        <scale-type><![CDATA[HORIZONTAL_RADIO]]></scale-type>
        <scale-adjusted-calculation enable="false"  display-calculated-rating="false">
          <rating-label><![CDATA[]]></rating-label>
          <default-rating><![CDATA[]]></default-rating>
        </scale-adjusted-calculation>
      </fm-sect-scale>
      <obj-sect-type autosync="true"><![CDATA[plan]]></obj-sect-type>
      <obj-sect-plan-id>303</obj-sect-plan-id>
      <meta-grp-label><![CDATA[Group]]></meta-grp-label>
      <obj-plan-state-change to-step="input">
        <target-state id="aberto"></target-state>
      </obj-plan-state-change>
      <obj-plan-state-change to-step="validation1">
        <target-state id="fechado1"></target-state>
      </obj-plan-state-change>
      <obj-plan-state-change to-step="follow">
        <target-state id="acompanhamento"></target-state>
      </obj-plan-state-change>
      <obj-plan-state-change to-step="results">
        <target-state id="resultados"></target-state>
      </obj-plan-state-change>
      <obj-plan-state-change to-step="validation2">
        <target-state id="fechado2"></target-state>
      </obj-plan-state-change>
      <obj-plan-state-change to-step="calculation2">
        <target-state id="fechado2"></target-state>
      </obj-plan-state-change>
    </objective-sect>
    <custom-sect>
      <fm-sect index="4" mgt-only="false" split-cmt="false" cmt-opt="1" pdf-page-break-opt="2">
    <fm-sect-name msgKey="SecCustomGoals"><![CDATA[Validação]]></fm-sect-name>
        <fm-sect-intro><![CDATA[]]></fm-sect-intro>
        <fm-sect-config>
          <rating-label><![CDATA[Rating]]></rating-label>
          <rating-label-others><![CDATA[Rating]]></rating-label-others>
          <default-rating><![CDATA[unrated]]></default-rating>
          <hidden-strength-threshold>0.0</hidden-strength-threshold>
          <blind-spot-threshold>0.0</blind-spot-threshold>
          <section-permission type="hidden">
            <role-name>*</role-name>
            <route-step stepid="*"/>
          </section-permission>
          <section-permission type="enabled">
            <role-name>E</role-name>
            <route-step stepid="input"/>
          </section-permission>
          <required-fields>
            <role-name>E</role-name>
            <field refid="custom-element" min-value="1.0" max-value="-1.0">
              <ekey>conversa</ekey>
            </field>
            <route-step stepid="input"/>
            <send-action sendid="next_step"/>
          </required-fields>
          <num-decimal-places>2</num-decimal-places>
          <publish-button-label><![CDATA[Publish Content]]></publish-button-label>
        </fm-sect-config>
        <fm-element index="1" type="9" waca="true">
          <ekey><![CDATA[conversa]]></ekey>
          <ename msgKey="CampoCustomGoals"><![CDATA[<b> TBD? </b>]]></ename>
          <evalue><![CDATA[Sim]]></evalue>
        </fm-element>
      </fm-sect>
      <fm-sect index="5" mgt-only="false" split-cmt="false" cmt-opt="1" pdf-page-break-opt="2">
    <fm-sect-name msgKey="SecCustomGoals"><![CDATA[Validação]]></fm-sect-name>
        <fm-sect-intro><![CDATA[]]></fm-sect-intro>
        <fm-sect-config>
          <rating-label><![CDATA[Rating]]></rating-label>
          <rating-label-others><![CDATA[Rating]]></rating-label-others>
          <default-rating><![CDATA[unrated]]></default-rating>
          <hidden-strength-threshold>0.0</hidden-strength-threshold>
          <blind-spot-threshold>0.0</blind-spot-threshold>
          <section-permission type="hidden">
            <role-name>*</role-name>
            <route-step stepid="*"/>
          </section-permission>
          <section-permission type="enabled">
            <role-name>EM</role-name>
            <route-step stepid="validation1"/>
          </section-permission>
          <required-fields>
            <role-name>EM</role-name>
            <field refid="custom-element" min-value="1.0" max-value="-1.0">
              <ekey>conversa</ekey>
            </field>
            <route-step stepid="validation1"/>
            <send-action sendid="next_step"/>
          </required-fields>
          <num-decimal-places>2</num-decimal-places>
          <publish-button-label><![CDATA[Publish Content]]></publish-button-label>
        </fm-sect-config>
        <fm-element index="1" type="9" waca="true">
          <ekey><![CDATA[conversa]]></ekey>
          <ename msgKey="CampoCustomGoalsManager"><![CDATA[<b> TBD? </b>]]></ename>
          <evalue><![CDATA[Sim]]></evalue>
        </fm-element>
      </fm-sect>
      <fm-sect index="7" mgt-only="false" split-cmt="false" cmt-opt="1" pdf-page-break-opt="2">
    <fm-sect-name msgKey="SecMerito"><![CDATA[Ajuste Meritocrático]]></fm-sect-name>
        <fm-sect-intro msgKey="IntroMerito"><![CDATA[Intro Ajuste Meritocrático]]></fm-sect-intro>
        <fm-sect-config>
          <rating-label><![CDATA[Rating]]></rating-label>
          <rating-label-others><![CDATA[Rating]]></rating-label-others>
          <default-rating><![CDATA[unrated]]></default-rating>
          <hidden-strength-threshold>0.0</hidden-strength-threshold>
          <blind-spot-threshold>0.0</blind-spot-threshold>
          <section-permission type="enabled">
            <role-name>*</role-name>
            <route-step stepid="*"/>
          </section-permission>
          <section-permission type="hidden">
            <role-name>*</role-name>
            <route-step stepid="input"/>
            <route-step stepid="validation1"/>
            <route-step stepid="follow"/>
            <route-step stepid="results"/>
            <route-step stepid="calculation2"/>
          </section-permission>
          <required-fields>
            <role-name>EM</role-name>
            <field refid="custom-element" min-value="1.0" max-value="-1.0">
              <ekey>merito2</ekey>
            </field>
            <route-step stepid="validation2"/>
            <send-action sendid="next_step"/>
          </required-fields>
          <num-decimal-places>2</num-decimal-places>
          <publish-button-label><![CDATA[Publish Content]]></publish-button-label>
        </fm-sect-config>
        <fm-element index="1" type="6" waca="true">
          <ekey><![CDATA[merito2]]></ekey>
          <ename msgKey="merito"><![CDATA[Ajuste Meritocrático (+/- 75 pontos):]]></ename>
          <evalue><![CDATA[]]></evalue>
          <elist elist-value-type="7"  elist-default-name=""  elist-default-value="">
              <elist-element elist-index="0" elist-selected="false">
                <elist-name><![CDATA[-75]]></elist-name>
                <elist-value><![CDATA[-75]]></elist-value>
              </elist-element>
              <elist-element elist-index="1" elist-selected="false">
                <elist-name><![CDATA[-70]]></elist-name>
                <elist-value><![CDATA[-70]]></elist-value>
              </elist-element>
              <elist-element elist-index="2" elist-selected="false">
                <elist-name><![CDATA[-65]]></elist-name>
                <elist-value><![CDATA[-65]]></elist-value>
              </elist-element>
              <elist-element elist-index="3" elist-selected="false">
                <elist-name><![CDATA[-60]]></elist-name>
                <elist-value><![CDATA[-60]]></elist-value>
              </elist-element>
              <elist-element elist-index="4" elist-selected="false">
                <elist-name><![CDATA[-55]]></elist-name>
                <elist-value><![CDATA[-55]]></elist-value>
              </elist-element>
              <elist-element elist-index="5" elist-selected="false">
                <elist-name><![CDATA[-50]]></elist-name>
                <elist-value><![CDATA[-50]]></elist-value>
              </elist-element>
              <elist-element elist-index="6" elist-selected="false">
                <elist-name><![CDATA[-45]]></elist-name>
                <elist-value><![CDATA[-45]]></elist-value>
              </elist-element>
              <elist-element elist-index="7" elist-selected="false">
                <elist-name><![CDATA[-40]]></elist-name>
                <elist-value><![CDATA[-40]]></elist-value>
              </elist-element>
              <elist-element elist-index="8" elist-selected="false">
                <elist-name><![CDATA[-35]]></elist-name>
                <elist-value><![CDATA[-35]]></elist-value>
              </elist-element>
              <elist-element elist-index="9" elist-selected="false">
                <elist-name><![CDATA[-30]]></elist-name>
                <elist-value><![CDATA[-30]]></elist-value>
              </elist-element>
              <elist-element elist-index="10" elist-selected="false">
                <elist-name><![CDATA[-25]]></elist-name>
                <elist-value><![CDATA[-25]]></elist-value>
              </elist-element>
              <elist-element elist-index="11" elist-selected="false">
                <elist-name><![CDATA[-20]]></elist-name>
                <elist-value><![CDATA[-20]]></elist-value>
              </elist-element>
              <elist-element elist-index="12" elist-selected="false">
                <elist-name><![CDATA[-15]]></elist-name>
                <elist-value><![CDATA[-15]]></elist-value>
              </elist-element>
              <elist-element elist-index="13" elist-selected="false">
                <elist-name><![CDATA[-10]]></elist-name>
                <elist-value><![CDATA[-10]]></elist-value>
              </elist-element>
              <elist-element elist-index="14" elist-selected="false">
                <elist-name><![CDATA[-5]]></elist-name>
                <elist-value><![CDATA[-5]]></elist-value>
              </elist-element>
              <elist-element elist-index="15" elist-selected="true">
                <elist-name><![CDATA[0]]></elist-name>
                <elist-value><![CDATA[0]]></elist-value>
              </elist-element>
              <elist-element elist-index="16" elist-selected="false">
                <elist-name><![CDATA[5]]></elist-name>
                <elist-value><![CDATA[5]]></elist-value>
              </elist-element>
              <elist-element elist-index="17" elist-selected="false">
                <elist-name><![CDATA[10]]></elist-name>
                <elist-value><![CDATA[10]]></elist-value>
              </elist-element>
              <elist-element elist-index="18" elist-selected="false">
                <elist-name><![CDATA[15]]></elist-name>
                <elist-value><![CDATA[15]]></elist-value>
              </elist-element>
              <elist-element elist-index="19" elist-selected="false">
                <elist-name><![CDATA[20]]></elist-name>
                <elist-value><![CDATA[20]]></elist-value>
              </elist-element>
              <elist-element elist-index="20" elist-selected="false">
                <elist-name><![CDATA[25]]></elist-name>
                <elist-value><![CDATA[25]]></elist-value>
              </elist-element>
              <elist-element elist-index="21" elist-selected="false">
                <elist-name><![CDATA[30]]></elist-name>
                <elist-value><![CDATA[30]]></elist-value>
              </elist-element>
              <elist-element elist-index="22" elist-selected="false">
                <elist-name><![CDATA[35]]></elist-name>
                <elist-value><![CDATA[35]]></elist-value>
              </elist-element>
              <elist-element elist-index="23" elist-selected="false">
                <elist-name><![CDATA[40]]></elist-name>
                <elist-value><![CDATA[40]]></elist-value>
              </elist-element>
              <elist-element elist-index="24" elist-selected="false">
                <elist-name><![CDATA[45]]></elist-name>
                <elist-value><![CDATA[45]]></elist-value>
              </elist-element>
              <elist-element elist-index="25" elist-selected="false">
                <elist-name><![CDATA[50]]></elist-name>
                <elist-value><![CDATA[50]]></elist-value>
              </elist-element>
              <elist-element elist-index="26" elist-selected="false">
                <elist-name><![CDATA[55]]></elist-name>
                <elist-value><![CDATA[55]]></elist-value>
              </elist-element>
              <elist-element elist-index="27" elist-selected="false">
                <elist-name><![CDATA[60]]></elist-name>
                <elist-value><![CDATA[60]]></elist-value>
              </elist-element>
              <elist-element elist-index="28" elist-selected="false">
                <elist-name><![CDATA[65]]></elist-name>
                <elist-value><![CDATA[65]]></elist-value>
              </elist-element>
              <elist-element elist-index="29" elist-selected="false">
                <elist-name><![CDATA[70]]></elist-name>
                <elist-value><![CDATA[70]]></elist-value>
              </elist-element>
              <elist-element elist-index="30" elist-selected="false">
                <elist-name><![CDATA[75]]></elist-name>
                <elist-value><![CDATA[75]]></elist-value>
              </elist-element>
          </elist>
        </fm-element>
      </fm-sect>
      <fm-sect index="8" mgt-only="false" split-cmt="false" cmt-opt="1">
    <fm-sect-name msgKey="SecRvExtra"><![CDATA[RV Extra Sugerido]]></fm-sect-name>
        <fm-sect-intro msgKey="IntroRV"><![CDATA[Intro RVExtra]]></fm-sect-intro>
        <fm-sect-config>
          <rating-label><![CDATA[Rating]]></rating-label>
          <rating-label-others><![CDATA[Rating]]></rating-label-others>
          <default-rating><![CDATA[unrated]]></default-rating>
          <hidden-strength-threshold>0.0</hidden-strength-threshold>
          <blind-spot-threshold>0.0</blind-spot-threshold>
          <section-permission type="enabled">
            <role-name>*</role-name>
            <route-step stepid="*"/>
          </section-permission>
          <section-permission type="hidden">
            <role-name>*</role-name>
            <route-step stepid="input"/>
            <route-step stepid="validation1"/>
            <route-step stepid="follow"/>
            <route-step stepid="results"/>
            <route-step stepid="calculation2"/>
          </section-permission>
          <required-fields>
            <role-name>EM</role-name>
            <field refid="custom-element" min-value="1.0" max-value="-1.0">
              <ekey>RvExtra</ekey>
            </field>
            <route-step stepid="validation2"/>
            <send-action sendid="next_step"/>
          </required-fields>
          <num-decimal-places>2</num-decimal-places>
          <publish-button-label><![CDATA[Publish Content]]></publish-button-label>
        </fm-sect-config>
        <fm-element index="0" type="6" waca="true">
          <ekey><![CDATA[RvExtra]]></ekey>
          <ename msgKey="CampoRvExtra"><![CDATA[RV Extra Sugerido:]]></ename>
          <evalue><![CDATA[]]></evalue>
          <elist elist-value-type="7"  elist-default-name="N/A"  elist-default-value="">
              <elist-element elist-index="0" elist-selected="false">
                <elist-name msgKey="Sim"><![CDATA[Sim]]></elist-name>
                <elist-value><![CDATA[Sim]]></elist-value>
              </elist-element>
              <elist-element elist-index="1" elist-selected="false">
                <elist-name msgKey="Não"><![CDATA[Não]]></elist-name>
                <elist-value><![CDATA[Não]]></elist-value>
              </elist-element>
          </elist>
        </fm-element>
      </fm-sect>
    </custom-sect>
    <summary-sect index="1" mgt-only="false" manual-rating="true" override-unrated="false" split-cmt="true" rating-opt="0" cmt-opt="1" show-listing="true" rating-mode="text" use-adjusted-scale-for-section-header-rating="0" show-group-matrix="true" overall-rating-display-order="calc-manual">
      <summary-sect-name msgKey="SecResumo"><![CDATA[Resumo]]></summary-sect-name>
      <summary-sect-intro><![CDATA[<style>.tableHeaderBar td{background-color: #4e4d50 !important;}.tableHeaderLabelAlt td{background-color: #00C0F2 !important;padding: 5px 0px 0px 5px;}.tableHeaderLabelAlt td a{background-color: #00C0F2 !important;color: #365E28 !important;}.tableHeaderLabelAlt td h3{color: #FFF;}.tableHeaderBar{font-size: 17px !important;color: #FFF !important;padding: 5px 0px 0px 5px;}</style>]]></summary-sect-intro>
      <fm-sect-config>
        <rating-label msgKey="CampoResumoPontuacaoFinal"><![CDATA[Pontuação Final (Nível)]]></rating-label>
        <rating-label-others><![CDATA[Rating]]></rating-label-others>
        <default-rating><![CDATA[---]]></default-rating>
        <weight-total><![CDATA[0.0]]></weight-total>
        <hidden-strength-threshold>0.0</hidden-strength-threshold>
        <blind-spot-threshold>0.0</blind-spot-threshold>
        <section-permission type="disabled">
          <role-name>E</role-name>
          <role-name>EM</role-name>
          <route-step stepid="calculation2"/>
        </section-permission>
        <num-decimal-places>2</num-decimal-places>
        <publish-button-label><![CDATA[Publish Content]]></publish-button-label>
        <section-item-rating-calc><![CDATA[sum]]></section-item-rating-calc>
        <normalize-section-rating><![CDATA[false]]></normalize-section-rating>
      </fm-sect-config>
      <field-permission type="none">
        <role-name>*</role-name>
        <field refid="rating-scale-label-link"></field>
        <route-step stepid="*"/>
      </field-permission>
      <field-permission type="none">
        <role-name>*</role-name>
        <field refid="manual-overall-rating"></field>
        <route-step stepid="input"/>
        <route-step stepid="validation1"/>
        <route-step stepid="follow"/>
        <route-step stepid="results"/>
        <route-step stepid="validation2"/>
        <route-step stepid="calculation2"/>
      </field-permission>
      <field-permission type="none">
        <role-name>*</role-name>
        <field refid="calculated-overall-rating"></field>
        <route-step stepid="input"/>
        <route-step stepid="validation1"/>
        <route-step stepid="follow"/>
      </field-permission>
      <fm-sect-scale show-value="false">
        <scale-source>1</scale-source>
        <scale-id><![CDATA[Escala Metas]]></scale-id>
        <scale-type><![CDATA[HORIZONTAL_RADIO]]></scale-type>
        <scale-adjusted-calculation enable="false"  display-calculated-rating="false">
          <rating-label><![CDATA[]]></rating-label>
          <default-rating><![CDATA[]]></default-rating>
        </scale-adjusted-calculation>
      </fm-sect-scale>
      <overall-rating-label msgKey="CampoResumoResultadoAjustado"><![CDATA[Adjusted Result:]]></overall-rating-label>
      <calc-rating-label msgKey="CampoResumoResultado"><![CDATA[Final Result:]]></calc-rating-label>
    </summary-sect>
    <signature-sect>
      <fm-sect index="6" mgt-only="false" split-cmt="false" cmt-opt="0">
    <fm-sect-name msgKey="SecSignature"><![CDATA[Assinatura]]></fm-sect-name>
        <fm-sect-intro msgKey="IntroSignGoals"><![CDATA[Estamos de acordo sobre os indicadores, pesos e metas definidas acima como base para a avaliação de desempenho no ciclo de 2014, considerando a política de remuneração variável local e também comportamentos e atitudes alinhadas com os Valores e Crenças da VC.]]></fm-sect-intro>
        <fm-sect-config>
          <rating-label><![CDATA[Rating]]></rating-label>
          <rating-label-others><![CDATA[Rating]]></rating-label-others>
          <default-rating><![CDATA[unrated]]></default-rating>
          <weight-total><![CDATA[0.0]]></weight-total>
          <hidden-strength-threshold>0.0</hidden-strength-threshold>
          <blind-spot-threshold>0.0</blind-spot-threshold>
          <section-permission type="hidden">
            <role-name>*</role-name>
            <route-step stepid="*"/>
          </section-permission>
          <section-permission type="enabled">
            <role-name>EM</role-name>
            <route-step stepid="validation1"/>
          </section-permission>
          <num-decimal-places>2</num-decimal-places>
          <publish-button-label><![CDATA[Publish Content]]></publish-button-label>
        </fm-sect-config>
      </fm-sect>
    </signature-sect>
  </sf-pmreview>
</sf-form>
