"COMPETENCY","Mental","Explains complex ideas in a simple way.","Explains complex ideas in a simple way.","423","en_US"
"TEASER","Mental","Explains complex ideas in a simple way.","","Improve"
"TEASER","Mental","Explains complex ideas in a simple way.","","Meets"
"TEASER","Mental","Explains complex ideas in a simple way.","","Exceeds"
"COMPETENCY","Pessoas","Adapts communication and style to different people and situations.","Adapts communication and style to different people and situations.","426","en_US"
"TEASER","Pessoas","Adapts communication and style to different people and situations.","","Improve"
"TEASER","Pessoas","Adapts communication and style to different people and situations.","","Meets"
"TEASER","Pessoas","Adapts communication and style to different people and situations.","","Exceeds"
"COMPETENCY","Mudanças","Copes well with resistance and finds allies to move forward with his initiatives.","Copes well with resistance and finds allies to move forward with his initiatives.","429","en_US"
"TEASER","Mudanças","Copes well with resistance and finds allies to move forward with his initiatives.","","Improve"
"TEASER","Mudanças","Copes well with resistance and finds allies to move forward with his initiatives.","","Meets"
"TEASER","Mudanças","Copes well with resistance and finds allies to move forward with his initiatives.","","Exceeds"
"COMPETENCY","Resultados","Invigorates in light of complex challenges and acquires results under difficult conditions.","Invigorates in light of complex challenges and acquires results under difficult conditions.","430","en_US"
"TEASER","Resultados","Invigorates in light of complex challenges and acquires results under difficult conditions.","","Improve"
"TEASER","Resultados","Invigorates in light of complex challenges and acquires results under difficult conditions.","","Meets"
"TEASER","Resultados","Invigorates in light of complex challenges and acquires results under difficult conditions.","","Exceeds"
"COMPETENCY","Mental","Copes well with uncertainty and ambiguity, taking risks in decision-making.","Copes well with uncertainty and ambiguity, taking risks in decision-making.","422","en_US"
"TEASER","Mental","Copes well with uncertainty and ambiguity, taking risks in decision-making.","","Improve"
"TEASER","Mental","Copes well with uncertainty and ambiguity, taking risks in decision-making.","","Meets"
"TEASER","Mental","Copes well with uncertainty and ambiguity, taking risks in decision-making.","","Exceeds"
"COMPETENCY","Resultados","Builds high performance teams and sets high standards of excellence.","Builds high performance teams and sets high standards of excellence.","432","en_US"
"TEASER","Resultados","Builds high performance teams and sets high standards of excellence.","","Improve"
"TEASER","Resultados","Builds high performance teams and sets high standards of excellence.","","Meets"
"TEASER","Resultados","Builds high performance teams and sets high standards of excellence.","","Exceeds"
"COMPETENCY","Mental","Fast, establishes non-obvious relations and correlates numerous variables to form an opinion.","Fast, establishes non-obvious relations and correlates numerous variables to form an opinion.","421","en_US"
"TEASER","Mental","Fast, establishes non-obvious relations and correlates numerous variables to form an opinion.","","Improve"
"TEASER","Mental","Fast, establishes non-obvious relations and correlates numerous variables to form an opinion.","","Meets"
"TEASER","Mental","Fast, establishes non-obvious relations and correlates numerous variables to form an opinion.","","Exceeds"
"COMPETENCY","Mudanças","Causes and leads changes and is able to have new ideas enforced.","Causes and leads changes and is able to have new ideas enforced.","428","en_US"
"TEASER","Mudanças","Causes and leads changes and is able to have new ideas enforced.","","Improve"
"TEASER","Mudanças","Causes and leads changes and is able to have new ideas enforced.","","Meets"
"TEASER","Mudanças","Causes and leads changes and is able to have new ideas enforced.","","Exceeds"
"COMPETENCY","Pessoas","Easily handles politically complex situations.","Easily handles politically complex situations.","424","en_US"
"TEASER","Pessoas","Easily handles politically complex situations.","","Improve"
"TEASER","Pessoas","Easily handles politically complex situations.","","Meets"
"TEASER","Pessoas","Easily handles politically complex situations.","","Exceeds"
"COMPETENCY","Resultados","Copes well with crises and scarcity of resources.","Copes well with crises and scarcity of resources.","431","en_US"
"TEASER","Resultados","Copes well with crises and scarcity of resources.","","Improve"
"TEASER","Resultados","Copes well with crises and scarcity of resources.","","Meets"
"TEASER","Resultados","Copes well with crises and scarcity of resources.","","Exceeds"
