"ID do Documento","Colaborador Usuário","Categoria de participante","Nome do Participante","Sobrenome do Participante","Méd(Pontuação de comportamento)"
"11901","vid_vpar@lanamgb","Gestor","RENATA","KOMECHEN BRECAILO","254.545454545454545454545454545454545455"
"11902","vid_vcnet@jessicaf","Gestor","SABRINA","DE FREITAS SCANAPIECO","342.857142857142857142857142857142857143"
"11904","vid_vcnet@thatiana","Gestor","PAULO","OLIVEIRA MOTTA JUNIOR","250"
"11904","vid_vcnet@thatiana","Subordinados","JESSICA","FALCAO LEITE DE CAMPOS","185.714285714285714285714285714285714286"
"11904","vid_vcnet@thatiana","Subordinados","JULIA","CRISTINA DE FAVERE","214.285714285714285714285714285714285714"
"11904","vid_vcnet@thatiana","Subordinados","THAIS","TEIXEIRA CARDENUTO","200"
"12070","vid_vcnet@vanessaw","Gestor","RENATA","KOMECHEN BRECAILO","283.333333333333333333333333333333333333"
"12070","vid_vcnet@vanessaw","Pares","MAURICIO","SAUERESSIG","300"
"12070","vid_vcnet@vanessaw","Pares","MONICA","PARREIRAS DRUMOND","157.142857142857142857142857142857142857"
"12070","vid_vcnet@vanessaw","Pares","NADYA","FRANCA","328.571428571428571428571428571428571429"
"12070","vid_vcnet@vanessaw","Subordinados","JESSICA","FALCAO LEITE DE CAMPOS","257.142857142857142857142857142857142857"
"12070","vid_vcnet@vanessaw","Subordinados","MAXIMILIANO","ECHAVARRI","140"
"12070","vid_vcnet@vanessaw","Subordinados","SABRINA","DE FREITAS SCANAPIECO","283.333333333333333333333333333333333333"
