"ID do Documento","Colaborador Usuário","Categoria de participante","Nome do Participante","Sobrenome do Participante","Méd(Pontuação de comportamento)"
"11104","vid_vcnet@jessicaf","Gestor","RENATA","KOMECHEN BRECAILO","150"
"11155","vid_vpar@paulagl","Gestor","RENATA","KOMECHEN BRECAILO","166.666666666666666666666666666666666667"
"11155","vid_vpar@paulagl","Subordinados","CAMILA","DIAS DE MIRANDA TOSTA","200"
"11155","vid_vpar@paulagl","Subordinados","THAIS","TEIXEIRA CARDENUTO","300"
"11155","vid_vpar@paulagl","Subordinados","THATIANA","SOTO RIVA","200"
"11158","vid_vcnet@camiladm","Gestor","PAULA","GIANNETTI DE LIMA","271.428571428571428571428571428571428571"
"11158","vid_vcnet@camiladm","Pares","CAROLINA","RAVAGNANI LOPES","235.714285714285714285714285714285714286"
"11158","vid_vcnet@camiladm","Pares","DANIELA","GOMES MENEZES DE CARVALHO","300"
"11158","vid_vcnet@camiladm","Pares","JESSICA","FALCAO LEITE DE CAMPOS","185.714285714285714285714285714285714286"
"11158","vid_vcnet@camiladm","Subordinados","AMANDA","VIEIRA DA ROCHA DE ARAGAO","214.285714285714285714285714285714285714"
"11158","vid_vcnet@camiladm","Subordinados","JULIA","CRISTINA DE FAVERE","192.857142857142857142857142857142857143"
"11158","vid_vcnet@camiladm","Subordinados","THATIANA","SOTO RIVA","200"
"11160","vid_vpar@lanamgb","Gestor","CLAUDIA","ELISA DE PINHO SOARES","214.285714285714285714285714285714285714"
"11161","vid_vcnet@thatiana","Gestor","PAULA","GIANNETTI DE LIMA","257.142857142857142857142857142857142857"
"11161","vid_vcnet@thatiana","Subordinados","SIMONE","VILELA LOPES","100"
"11161","vid_vcnet@thatiana","Subordinados","THAISE","VICENTE STOCCO","200"
"11161","vid_vcnet@thatiana","Subordinados","VANESSA","NUNES ELIAS","400"
"11201","vid_vcnet@vanessaw","Gestor","PAULO","OLIVEIRA MOTTA JUNIOR","291.666666666666666666666666666666666667"
"11201","vid_vcnet@vanessaw","Pares","ADRIANA","DE OLIVEIRA JORDAO","270"
"11201","vid_vcnet@vanessaw","Pares","ALESSANDRO","HUBIE","241.666666666666666666666666666666666667"
"11201","vid_vcnet@vanessaw","Pares","CARLA","VERONICA DE CASTRO RAMALHO","200"
"11201","vid_vcnet@vanessaw","Subordinados","RICARDO","WINTER","236.363636363636363636363636363636363636"
"11201","vid_vcnet@vanessaw","Subordinados","SIMONE","VILELA LOPES","228.571428571428571428571428571428571429"
"11201","vid_vcnet@vanessaw","Subordinados","VANESSA","NUNES ELIAS","200"
"11302","vcnaemployee","Gestor","Manager","VCEAA","242.857142857142857142857142857142857143"
"11304","vcnaemployee60","Gestor","Manager","VCNA","233.333333333333333333333333333333333333"
"11304","vcnaemployee60","Subordinados","Direct Report1","VCNA 50","207.142857142857142857142857142857142857"
"11304","vcnaemployee60","Subordinados","Direct Report1","VCNA 60","221.428571428571428571428571428571428571"
"11304","vcnaemployee60","Subordinados","Direct Report2","VCNA 60","230"
"11305","vcnaemployee","Gestor","Manager","VCNA","257.142857142857142857142857142857142857"
"11305","vcnaemployee","Subordinados","Direct Report1","VCNA 20","250"
"11305","vcnaemployee","Subordinados","Direct Report1","VCNA 30","150"
"11305","vcnaemployee","Subordinados","Direct Report2","VCNA","350"
"11306","vceaaemployee","Gestor","Manager","VCEAA","200"
"11306","vceaaemployee","Pares","Employee","VCNA 20","185.714285714285714285714285714285714286"
"11306","vceaaemployee","Pares","Employee","VCNA 30","275"
"11306","vceaaemployee","Pares","Employee","VCNA 40","255.555555555555555555555555555555555556"
"11306","vceaaemployee","Subordinados","Direct Report 1","VCEAA","242.857142857142857142857142857142857143"
"11306","vceaaemployee","Subordinados","Direct Report 2","VCEAA","260"
"11306","vceaaemployee","Subordinados","Direct Report1","VCNA","250"
"11307","vcnaemployee","Gestor","Manager","VCNA","250"
"11307","vcnaemployee","Pares","Employee","VCNA 20","264.285714285714285714285714285714285714"
"11307","vcnaemployee","Pares","Employee","VCNA 30","235.714285714285714285714285714285714286"
"11307","vcnaemployee","Pares","Employee","VCNA 40","242.857142857142857142857142857142857143"
"11307","vcnaemployee","Subordinados","Direct Report1","VCNA","264.285714285714285714285714285714285714"
"11307","vcnaemployee","Subordinados","Direct Report1","VCNA 20","250"
"11307","vcnaemployee","Subordinados","Direct Report2","VCNA","235.714285714285714285714285714285714286"
