"ID de usuário do Colaborador","Colaborador Usuário","Colaborador Nome","Colaborador Sobrenome","Nome do Participante","Sobrenome do Participante","Categoria de participante","ID do Documento","Nome do modelo do formulário ","Nome da Seção ","Avaliação de Seção","Avaliação global 360","Pontuação geral de Desempenho calculada","Gerente Nome","Gerente Sobrenome","Nome do modelo do formulário ","Pontuação geral de Desempenho","Status"
"BRA00193608","vid_vpar@lanamgb","LANA","MARCELA GARDINI BRANDAO","LANA","MARCELA GARDINI BRANDAO","Auto-Avaliação","11901","SDV - Goals and Job Performance 90°","Crenças","283.33","325","358.39","CLAUDIA","ELISA DE PINHO SOARES","SDV - Learning Agility","1.82","Concluído"
"BRA00193608","vid_vpar@lanamgb","LANA","MARCELA GARDINI BRANDAO","RENATA","KOMECHEN BRECAILO","Gestor","11901","SDV - Goals and Job Performance 90°","Crenças","266.67","325","325","CLAUDIA","ELISA DE PINHO SOARES","SDV - Learning Agility","1.82","Concluído"
"BRA00135767","vid_vcnet@jessicaf","JESSICA","FALCAO LEITE DE CAMPOS","JESSICA","FALCAO LEITE DE CAMPOS","Auto-Avaliação","11902","SDV - Job Performance 90°","Crenças","350","439.55","439.55","PAULA","GIANNETTI DE LIMA","SDV - Learning Agility","2.46","Concluído"
"BRA00135767","vid_vcnet@jessicaf","JESSICA","FALCAO LEITE DE CAMPOS","SABRINA","DE FREITAS SCANAPIECO","Gestor","11902","SDV - Job Performance 90°","Crenças","342.86","439.55","439.55","PAULA","GIANNETTI DE LIMA","SDV - Learning Agility","2.46","Concluído"
"BRA00128151","vid_vcnet@thatiana","THATIANA","SOTO RIVA","THATIANA","SOTO RIVA","Auto-Avaliação","11904","SDV - Goals and Job Performance 180°","Crenças","400","269.147","375","PAULA","GIANNETTI DE LIMA","SDV - Learning Agility","2.1","Concluído"
"BRA00128151","vid_vcnet@thatiana","THATIANA","SOTO RIVA","PAULO","OLIVEIRA MOTTA JUNIOR","Gestor","11904","SDV - Goals and Job Performance 180°","Crenças","250","269.147","271.28","PAULA","GIANNETTI DE LIMA","SDV - Learning Agility","2.1","Concluído"
"BRA00128151","vid_vcnet@thatiana","THATIANA","SOTO RIVA","JESSICA","FALCAO LEITE DE CAMPOS","Subordinados","11904","SDV - Goals and Job Performance 180°","Crenças","185.71","269.147","259.96","PAULA","GIANNETTI DE LIMA","SDV - Learning Agility","2.1","Concluído"
"BRA00128151","vid_vcnet@thatiana","THATIANA","SOTO RIVA","JULIA","CRISTINA DE FAVERE","Subordinados","11904","SDV - Goals and Job Performance 180°","Crenças","214.29","269.147","266.63","PAULA","GIANNETTI DE LIMA","SDV - Learning Agility","2.1","Concluído"
"BRA00128151","vid_vcnet@thatiana","THATIANA","SOTO RIVA","THAIS","TEIXEIRA CARDENUTO","Subordinados","11904","SDV - Goals and Job Performance 180°","Crenças","200","269.147","265.91","PAULA","GIANNETTI DE LIMA","SDV - Learning Agility","2.1","Concluído"
"BRA00180731","vid_vcnet@vanessaw","VANESSA","WU FERNANDES","VANESSA","WU FERNANDES","Auto-Avaliação","12070","SDV - Goals and Job Performance 360°","Crenças","271.43","309.547","271.96","PAULO","OLIVEIRA MOTTA JUNIOR","SDV - Learning Agility","2.57","Concluído"
"BRA00180731","vid_vcnet@vanessaw","VANESSA","WU FERNANDES","RENATA","KOMECHEN BRECAILO","Gestor","12070","SDV - Goals and Job Performance 360°","Crenças","283.33","309.547","308.25","PAULO","OLIVEIRA MOTTA JUNIOR","SDV - Learning Agility","2.57","Concluído"
"BRA00180731","vid_vcnet@vanessaw","VANESSA","WU FERNANDES","MAURICIO","SAUERESSIG","Pares","12070","SDV - Goals and Job Performance 360°","Crenças","300","309.547","308.39","PAULO","OLIVEIRA MOTTA JUNIOR","SDV - Learning Agility","2.57","Concluído"
"BRA00180731","vid_vcnet@vanessaw","VANESSA","WU FERNANDES","MONICA","PARREIRAS DRUMOND","Pares","12070","SDV - Goals and Job Performance 360°","Crenças","157.14","309.547","255","PAULO","OLIVEIRA MOTTA JUNIOR","SDV - Learning Agility","2.57","Concluído"
"BRA00180731","vid_vcnet@vanessaw","VANESSA","WU FERNANDES","NADYA","FRANCA","Pares","12070","SDV - Goals and Job Performance 360°","Crenças","328.57","309.547","375","PAULO","OLIVEIRA MOTTA JUNIOR","SDV - Learning Agility","2.57","Concluído"
"BRA00180731","vid_vcnet@vanessaw","VANESSA","WU FERNANDES","JESSICA","FALCAO LEITE DE CAMPOS","Subordinados","12070","SDV - Goals and Job Performance 360°","Crenças","257.14","309.547","278.05","PAULO","OLIVEIRA MOTTA JUNIOR","SDV - Learning Agility","2.57","Concluído"
"BRA00180731","vid_vcnet@vanessaw","VANESSA","WU FERNANDES","MAXIMILIANO","ECHAVARRI","Subordinados","12070","SDV - Goals and Job Performance 360°","Crenças","140","309.547","308.5","PAULO","OLIVEIRA MOTTA JUNIOR","SDV - Learning Agility","2.57","Concluído"
"BRA00180731","vid_vcnet@vanessaw","VANESSA","WU FERNANDES","SABRINA","DE FREITAS SCANAPIECO","Subordinados","12070","SDV - Goals and Job Performance 360°","Crenças","283.33","309.547","350.82","PAULO","OLIVEIRA MOTTA JUNIOR","SDV - Learning Agility","2.57","Concluído"
