"ID de usuário do Colaborador","Colaborador Usuário","Colaborador Nome","Colaborador Sobrenome","Nome do Participante","Sobrenome do Participante","Categoria de participante","ID do Documento","Nome do modelo do formulário ","Nome da Seção ","Avaliação de Seção","Avaliação global 360","Pontuação geral de Desempenho calculada","Gerente Nome","Gerente Sobrenome","Nome do modelo do formulário ","Pontuação geral de Desempenho","Status"
"BRA00135767","vid_vcnet@jessicaf","JESSICA","FALCAO LEITE DE CAMPOS","JESSICA","FALCAO LEITE DE CAMPOS","Auto-Avaliação","11104","SDV - Goals and Job Performance 90°","Crenças","150","293.35","293.35","PAULA","GIANNETTI DE LIMA","SDV - Learning Agility","1.45","Concluído"
"BRA00135767","vid_vcnet@jessicaf","JESSICA","FALCAO LEITE DE CAMPOS","RENATA","KOMECHEN BRECAILO","Gestor","11104","SDV - Goals and Job Performance 90°","Crenças","150","293.35","293.35","PAULA","GIANNETTI DE LIMA","SDV - Learning Agility","1.45","Concluído"
"BRA00207350","vid_vpar@paulagl","PAULA","GIANNETTI DE LIMA","PAULA","GIANNETTI DE LIMA","Auto-Avaliação","11155","SDV - Goals and Job Performance 180°","Crenças","271.43","344.275","315.87","CLAUDIA","ELISA DE PINHO SOARES","SDV - Learning Agility","2.53","Concluído"
"BRA00207350","vid_vpar@paulagl","PAULA","GIANNETTI DE LIMA","RENATA","KOMECHEN BRECAILO","Gestor","11155","SDV - Goals and Job Performance 180°","Crenças","166.67","344.275","366.82","CLAUDIA","ELISA DE PINHO SOARES","SDV - Learning Agility","2.53","Concluído"
"BRA00207350","vid_vpar@paulagl","PAULA","GIANNETTI DE LIMA","CAMILA","DIAS DE MIRANDA TOSTA","Subordinados","11155","SDV - Goals and Job Performance 180°","Crenças","200","344.275","225","CLAUDIA","ELISA DE PINHO SOARES","SDV - Learning Agility","2.53","Concluído"
"BRA00207350","vid_vpar@paulagl","PAULA","GIANNETTI DE LIMA","THAIS","TEIXEIRA CARDENUTO","Subordinados","11155","SDV - Goals and Job Performance 180°","Crenças","300","344.275","358.5","CLAUDIA","ELISA DE PINHO SOARES","SDV - Learning Agility","2.53","Concluído"
"BRA00207350","vid_vpar@paulagl","PAULA","GIANNETTI DE LIMA","THATIANA","SOTO RIVA","Subordinados","11155","SDV - Goals and Job Performance 180°","Crenças","200","344.275","291.5","CLAUDIA","ELISA DE PINHO SOARES","SDV - Learning Agility","2.53","Concluído"
"BRA00144258","vid_vcnet@camiladm","CAMILA","DIAS DE MIRANDA TOSTA","CAMILA","DIAS DE MIRANDA TOSTA","Auto-Avaliação","11158","SDV - Goals and Job Performance 360°","Crenças","242.86","329.439","358.37","PAULA","GIANNETTI DE LIMA","SDV - Learning Agility","2.1","Concluído"
"BRA00144258","vid_vcnet@camiladm","CAMILA","DIAS DE MIRANDA TOSTA","PAULA","GIANNETTI DE LIMA","Gestor","11158","SDV - Goals and Job Performance 360°","Crenças","271.43","329.439","334.09","PAULA","GIANNETTI DE LIMA","SDV - Learning Agility","2.1","Concluído"
"BRA00144258","vid_vcnet@camiladm","CAMILA","DIAS DE MIRANDA TOSTA","CAROLINA","RAVAGNANI LOPES","Pares","11158","SDV - Goals and Job Performance 360°","Crenças","235.71","329.439","400.82","PAULA","GIANNETTI DE LIMA","SDV - Learning Agility","2.1","Concluído"
"BRA00144258","vid_vcnet@camiladm","CAMILA","DIAS DE MIRANDA TOSTA","DANIELA","GOMES MENEZES DE CARVALHO","Pares","11158","SDV - Goals and Job Performance 360°","Crenças","300","329.439","261.28","PAULA","GIANNETTI DE LIMA","SDV - Learning Agility","2.1","Concluído"
"BRA00144258","vid_vcnet@camiladm","CAMILA","DIAS DE MIRANDA TOSTA","JESSICA","FALCAO LEITE DE CAMPOS","Pares","11158","SDV - Goals and Job Performance 360°","Crenças","185.71","329.439","309.96","PAULA","GIANNETTI DE LIMA","SDV - Learning Agility","2.1","Concluído"
"BRA00144258","vid_vcnet@camiladm","CAMILA","DIAS DE MIRANDA TOSTA","AMANDA","VIEIRA DA ROCHA DE ARAGAO","Subordinados","11158","SDV - Goals and Job Performance 360°","Crenças","214.29","329.439","364.37","PAULA","GIANNETTI DE LIMA","SDV - Learning Agility","2.1","Concluído"
"BRA00144258","vid_vcnet@camiladm","CAMILA","DIAS DE MIRANDA TOSTA","JULIA","CRISTINA DE FAVERE","Subordinados","11158","SDV - Goals and Job Performance 360°","Crenças","192.86","329.439","313.89","PAULA","GIANNETTI DE LIMA","SDV - Learning Agility","2.1","Concluído"
"BRA00144258","vid_vcnet@camiladm","CAMILA","DIAS DE MIRANDA TOSTA","THATIANA","SOTO RIVA","Subordinados","11158","SDV - Goals and Job Performance 360°","Crenças","200","329.439","269.34","PAULA","GIANNETTI DE LIMA","SDV - Learning Agility","2.1","Concluído"
"BRA00193608","vid_vpar@lanamgb","LANA","MARCELA GARDINI BRANDAO","LANA","MARCELA GARDINI BRANDAO","Auto-Avaliação","11160","SDV - Job Performance 90°","Crenças","400","257.55","500","CLAUDIA","ELISA DE PINHO SOARES","SDV - Learning Agility","1.96","Concluído"
"BRA00193608","vid_vpar@lanamgb","LANA","MARCELA GARDINI BRANDAO","CLAUDIA","ELISA DE PINHO SOARES","Gestor","11160","SDV - Job Performance 90°","Crenças","214.29","257.55","257.55","CLAUDIA","ELISA DE PINHO SOARES","SDV - Learning Agility","1.96","Concluído"
"BRA00128151","vid_vcnet@thatiana","THATIANA","SOTO RIVA","THATIANA","SOTO RIVA","Auto-Avaliação","11161","SDV - Job Performance 180°","Crenças","200","190.784","306","PAULA","GIANNETTI DE LIMA","SDV - Learning Agility","2.13","Concluído"
"BRA00128151","vid_vcnet@thatiana","THATIANA","SOTO RIVA","PAULA","GIANNETTI DE LIMA","Gestor","11161","SDV - Job Performance 180°","Crenças","257.14","190.784","172.55","PAULA","GIANNETTI DE LIMA","SDV - Learning Agility","2.13","Concluído"
"BRA00128151","vid_vcnet@thatiana","THATIANA","SOTO RIVA","SIMONE","VILELA LOPES","Subordinados","11161","SDV - Job Performance 180°","Crenças","100","190.784","367","PAULA","GIANNETTI DE LIMA","SDV - Learning Agility","2.13","Concluído"
"BRA00128151","vid_vcnet@thatiana","THATIANA","SOTO RIVA","THAISE","VICENTE STOCCO","Subordinados","11161","SDV - Job Performance 180°","Crenças","200","190.784","233","PAULA","GIANNETTI DE LIMA","SDV - Learning Agility","2.13","Concluído"
"BRA00128151","vid_vcnet@thatiana","THATIANA","SOTO RIVA","VANESSA","NUNES ELIAS","Subordinados","11161","SDV - Job Performance 180°","Crenças","400","190.784","100","PAULA","GIANNETTI DE LIMA","SDV - Learning Agility","2.13","Concluído"
"BRA00180731","vid_vcnet@vanessaw","VANESSA","WU FERNANDES","VANESSA","WU FERNANDES","Auto-Avaliação","11201","SDV - Job Performance 360°","Crenças","235.71","370.853","262.89","PAULO","OLIVEIRA MOTTA JUNIOR","SDV - Learning Agility","1.75","Concluído"
"BRA00180731","vid_vcnet@vanessaw","VANESSA","WU FERNANDES","PAULO","OLIVEIRA MOTTA JUNIOR","Gestor","11201","SDV - Job Performance 360°","Crenças","300","370.853","396.33","PAULO","OLIVEIRA MOTTA JUNIOR","SDV - Learning Agility","1.75","Concluído"
"BRA00180731","vid_vcnet@vanessaw","VANESSA","WU FERNANDES","ADRIANA","DE OLIVEIRA JORDAO","Pares","11201","SDV - Job Performance 360°","Crenças","283.33","370.853","366.67","PAULO","OLIVEIRA MOTTA JUNIOR","SDV - Learning Agility","1.75","Concluído"
"BRA00180731","vid_vcnet@vanessaw","VANESSA","WU FERNANDES","ALESSANDRO","HUBIE","Pares","11201","SDV - Job Performance 360°","Crenças","241.67","370.853","366.5","PAULO","OLIVEIRA MOTTA JUNIOR","SDV - Learning Agility","1.75","Concluído"
"BRA00180731","vid_vcnet@vanessaw","VANESSA","WU FERNANDES","CARLA","VERONICA DE CASTRO RAMALHO","Pares","11201","SDV - Job Performance 360°","Crenças","200","370.853","233","PAULO","OLIVEIRA MOTTA JUNIOR","SDV - Learning Agility","1.75","Concluído"
"BRA00180731","vid_vcnet@vanessaw","VANESSA","WU FERNANDES","RICARDO","WINTER","Subordinados","11201","SDV - Job Performance 360°","Crenças","225","370.853","366.78","PAULO","OLIVEIRA MOTTA JUNIOR","SDV - Learning Agility","1.75","Concluído"
"BRA00180731","vid_vcnet@vanessaw","VANESSA","WU FERNANDES","SIMONE","VILELA LOPES","Subordinados","11201","SDV - Job Performance 360°","Crenças","228.57","370.853","293.91","PAULO","OLIVEIRA MOTTA JUNIOR","SDV - Learning Agility","1.75","Concluído"
"BRA00180731","vid_vcnet@vanessaw","VANESSA","WU FERNANDES","VANESSA","NUNES ELIAS","Subordinados","11201","SDV - Job Performance 360°","Crenças","200","370.853","257.55","PAULO","OLIVEIRA MOTTA JUNIOR","SDV - Learning Agility","1.75","Concluído"
